"ISLAND","NDVI","DATE"
"Anjouan",0.571001775471183,2000-02-26
"Grande Comore",0.61437669455832,2000-02-26
"Mayotte",0.358609149440868,2000-02-26
"Moheli",0.673404549380939,2000-02-26
"Anjouan",0.505039989307672,2000-03-13
"Grande Comore",0.69500910392686,2000-03-13
"Mayotte",0.740599923722349,2000-03-13
"Moheli",0.694308403126745,2000-03-13
"Anjouan",0.675662681254943,2000-03-29
"Grande Comore",0.705271261796956,2000-03-29
"Mayotte",0.643758680124224,2000-03-29
"Moheli",0.782900577867668,2000-03-29
"Anjouan",0.669848138792874,2000-04-14
"Grande Comore",0.762167844291789,2000-04-14
"Mayotte",0.792904713752334,2000-04-14
"Moheli",0.807455893965031,2000-04-14
"Anjouan",0.716562404125893,2000-04-30
"Grande Comore",0.748345997286296,2000-04-30
"Mayotte",0.744984630800062,2000-04-30
"Moheli",0.772066299435028,2000-04-30
"Anjouan",0.750007266982622,2000-05-16
"Grande Comore",0.757126228972726,2000-05-16
"Mayotte",0.786373574173713,2000-05-16
"Moheli",0.776368419572554,2000-05-16
"Anjouan",0.699832021655883,2000-06-01
"Grande Comore",0.72967316280078,2000-06-01
"Mayotte",0.72393078467717,2000-06-01
"Moheli",0.788674555555556,2000-06-01
"Anjouan",0.710203392310762,2000-06-17
"Grande Comore",0.724415396283656,2000-06-17
"Mayotte",0.748034854961832,2000-06-17
"Moheli",0.750993386318479,2000-06-17
"Anjouan",0.618403585232574,2000-07-03
"Grande Comore",0.687854645409566,2000-07-03
"Mayotte",0.716216917639828,2000-07-03
"Moheli",0.678181138990696,2000-07-03
"Anjouan",0.674212298896423,2000-07-19
"Grande Comore",0.703381620831529,2000-07-19
"Mayotte",0.677627038827382,2000-07-19
"Moheli",0.690513703703704,2000-07-19
"Anjouan",0.646469951322194,2000-08-04
"Grande Comore",0.665575331665942,2000-08-04
"Mayotte",0.63338295560385,2000-08-04
"Moheli",0.684703555431131,2000-08-04
"Anjouan",0.538008540454786,2000-08-20
"Grande Comore",0.586762311863656,2000-08-20
"Mayotte",0.658483985928419,2000-08-20
"Moheli",0.664037192681532,2000-08-20
"Anjouan",0.567495966453674,2000-09-05
"Grande Comore",0.638869744875709,2000-09-05
"Mayotte",0.613076990595611,2000-09-05
"Moheli",0.655962086806554,2000-09-05
"Anjouan",0.574558568963228,2000-09-21
"Grande Comore",0.637866864517534,2000-09-21
"Mayotte",0.654046589700744,2000-09-21
"Moheli",0.669858210203513,2000-09-21
"Anjouan",0.4781498937583,2000-10-07
"Grande Comore",0.62812599058669,2000-10-07
"Mayotte",0.626243916320566,2000-10-07
"Moheli",0.60160951979781,2000-10-07
"Anjouan",0.428549769098826,2000-10-23
"Grande Comore",0.531720910679188,2000-10-23
"Mayotte",0.563407339733664,2000-10-23
"Moheli",0.543718909806125,2000-10-23
"Anjouan",0.50252079539368,2000-11-08
"Grande Comore",0.609482050721469,2000-11-08
"Mayotte",0.548264725921338,2000-11-08
"Moheli",0.581800363636364,2000-11-08
"Anjouan",0.556687944399893,2000-11-24
"Grande Comore",0.441874142567086,2000-11-24
"Mayotte",0.650851585820896,2000-11-24
"Moheli",0.605611751152074,2000-11-24
"Anjouan",0.507625029671634,2000-12-10
"Grande Comore",0.5350370891242,2000-12-10
"Mayotte",0.723221765977153,2000-12-10
"Moheli",0.750997110799439,2000-12-10
"Anjouan",0.680398967994775,2000-12-26
"Grande Comore",0.625324158394476,2000-12-26
"Mayotte",0.745281777176364,2000-12-26
"Moheli",0.709729016393443,2000-12-26
"Anjouan",0.638237425348374,2001-01-09
"Grande Comore",0.565712721452619,2001-01-09
"Mayotte",0.71123376782702,2001-01-09
"Moheli",0.658976730608841,2001-01-09
"Anjouan",0.501877546996188,2001-01-25
"Grande Comore",0.57201770392093,2001-01-25
"Mayotte",0.566370693852708,2001-01-25
"Moheli",0.613459448707019,2001-01-25
"Anjouan",0.685927228631358,2001-02-10
"Grande Comore",0.609977328685042,2001-02-10
"Mayotte",0.77050931793351,2001-02-10
"Moheli",0.739112850729517,2001-02-10
"Anjouan",0.625045407486063,2001-02-26
"Grande Comore",0.558952206043354,2001-02-26
"Mayotte",0.672109412861137,2001-02-26
"Moheli",0.716506459661769,2001-02-26
"Anjouan",0.786225868009542,2001-03-14
"Grande Comore",0.70897469303488,2001-03-14
"Mayotte",0.764820057741984,2001-03-14
"Moheli",0.803755068416643,2001-03-14
"Anjouan",0.681398023662275,2001-03-30
"Grande Comore",0.709961189118034,2001-03-30
"Mayotte",0.675726110425663,2001-03-30
"Moheli",0.724951661036036,2001-03-30
"Anjouan",0.798080883130619,2001-04-15
"Grande Comore",0.771852062472791,2001-04-15
"Mayotte",0.724977050997783,2001-04-15
"Moheli",0.838009762381907,2001-04-15
"Anjouan",0.697294317128096,2001-05-01
"Grande Comore",0.77857646515168,2001-05-01
"Mayotte",0.782950217256362,2001-05-01
"Moheli",0.747003989667049,2001-05-01
"Anjouan",0.743590308951677,2001-05-17
"Grande Comore",0.767753622557291,2001-05-17
"Mayotte",0.742403945536129,2001-05-17
"Moheli",0.759917612687813,2001-05-17
"Anjouan",0.752862199947243,2001-06-02
"Grande Comore",0.768142358291376,2001-06-02
"Mayotte",0.803404385564184,2001-06-02
"Moheli",0.773920713073005,2001-06-02
"Anjouan",0.49242507268448,2001-06-18
"Grande Comore",0.650171603846579,2001-06-18
"Mayotte",0.71981920782234,2001-06-18
"Moheli",0.512152845287493,2001-06-18
"Anjouan",0.691504952926729,2001-07-04
"Grande Comore",0.700486240992123,2001-07-04
"Mayotte",0.777064019448947,2001-07-04
"Moheli",0.70627217765043,2001-07-04
"Anjouan",0.724626233390343,2001-07-20
"Grande Comore",0.702546969367804,2001-07-20
"Mayotte",0.715158652961031,2001-07-20
"Moheli",0.832467401129943,2001-07-20
"Anjouan",0.697603778071334,2001-08-05
"Grande Comore",0.665251188408943,2001-08-05
"Mayotte",0.653822307456275,2001-08-05
"Moheli",0.807293015332198,2001-08-05
"Anjouan",0.697771929133858,2001-08-21
"Grande Comore",0.665478592455299,2001-08-21
"Mayotte",0.678649419315403,2001-08-21
"Moheli",0.754143968208913,2001-08-21
"Anjouan",0.672929661465221,2001-09-06
"Grande Comore",0.606280708274128,2001-09-06
"Mayotte",0.580529004263094,2001-09-06
"Moheli",0.737154121964992,2001-09-06
"Anjouan",0.438617377398721,2001-09-22
"Grande Comore",0.550584155276107,2001-09-22
"Mayotte",0.587005074672356,2001-09-22
"Moheli",0.660724512298558,2001-09-22
"Anjouan",0.515391253798388,2001-10-08
"Grande Comore",0.475658333333333,2001-10-08
"Mayotte",0.570801369010579,2001-10-08
"Moheli",0.493709900990099,2001-10-08
"Anjouan",0.587773458586928,2001-10-24
"Grande Comore",0.521630740659821,2001-10-24
"Mayotte",0.590302937959056,2001-10-24
"Moheli",0.589188870523416,2001-10-24
"Anjouan",0.490732174947146,2001-11-09
"Grande Comore",0.545286621673107,2001-11-09
"Mayotte",0.575950781605707,2001-11-09
"Moheli",0.546829513299377,2001-11-09
"Anjouan",0.57217302771855,2001-11-25
"Grande Comore",0.576535828008231,2001-11-25
"Mayotte",0.620807402912621,2001-11-25
"Moheli",0.677865853658537,2001-11-25
"Anjouan",0.58362609561753,2001-12-11
"Grande Comore",0.606747879251051,2001-12-11
"Mayotte",0.598879050583658,2001-12-11
"Moheli",0.604017247144051,2001-12-11
"Anjouan",0.71612350877193,2001-12-27
"Grande Comore",0.674684960748468,2001-12-27
"Mayotte",0.712250095489937,2001-12-27
"Moheli",0.719771408991228,2001-12-27
"Anjouan",0.698874865538502,2002-01-09
"Grande Comore",0.615458029458818,2002-01-09
"Mayotte",0.717008875019029,2002-01-09
"Moheli",0.708805174353206,2002-01-09
"Anjouan",0.485249808479725,2002-01-25
"Grande Comore",0.410304435040668,2002-01-25
"Mayotte",0.624374059284288,2002-01-25
"Moheli",0.585885934004474,2002-01-25
"Anjouan",0.682375609756097,2002-02-10
"Grande Comore",0.689297712959894,2002-02-10
"Mayotte",0.612482547316165,2002-02-10
"Moheli",0.725733380123526,2002-02-10
"Anjouan",0.63863228,2002-02-26
"Grande Comore",0.666384034075295,2002-02-26
"Mayotte",0.784214338179036,2002-02-26
"Moheli",0.77580595876871,2002-02-26
"Anjouan",0.67014715750233,2002-03-14
"Grande Comore",0.632311688960426,2002-03-14
"Mayotte",0.673015866873065,2002-03-14
"Moheli",0.688518814075921,2002-03-14
"Anjouan",0.696590958576739,2002-03-30
"Grande Comore",0.644242588726514,2002-03-30
"Mayotte",0.717766676918345,2002-03-30
"Moheli",0.784916918256907,2002-03-30
"Anjouan",0.683832206076618,2002-04-15
"Grande Comore",0.771742928080323,2002-04-15
"Mayotte",0.742582223279416,2002-04-15
"Moheli",0.706998202898551,2002-04-15
"Anjouan",0.706986160537762,2002-05-01
"Grande Comore",0.771260700473882,2002-05-01
"Mayotte",0.811345399053868,2002-05-01
"Moheli",0.791298744069216,2002-05-01
"Anjouan",0.71499627411843,2002-05-17
"Grande Comore",0.7354358439152,2002-05-17
"Mayotte",0.741959657320872,2002-05-17
"Moheli",0.724299394289011,2002-05-17
"Anjouan",0.766259676358374,2002-06-02
"Grande Comore",0.759400917032937,2002-06-02
"Mayotte",0.804269800918836,2002-06-02
"Moheli",0.787385489410418,2002-06-02
"Anjouan",0.752325318450427,2002-06-18
"Grande Comore",0.758566374189329,2002-06-18
"Mayotte",0.787774325539568,2002-06-18
"Moheli",0.776751533742331,2002-06-18
"Anjouan",0.711877104287983,2002-07-04
"Grande Comore",0.741332772744534,2002-07-04
"Mayotte",0.722021597542243,2002-07-04
"Moheli",0.660164785553047,2002-07-04
"Anjouan",0.705894883659439,2002-07-20
"Grande Comore",0.727649855907781,2002-07-20
"Mayotte",0.740760501230012,2002-07-20
"Moheli",0.799026706147772,2002-07-20
"Anjouan",0.692210792039535,2002-08-05
"Grande Comore",0.69328667357626,2002-08-05
"Mayotte",0.70304156850589,2002-08-05
"Moheli",0.802529084687767,2002-08-05
"Anjouan",0.658886309289187,2002-08-21
"Grande Comore",0.63658468780435,2002-08-21
"Mayotte",0.665466517236049,2002-08-21
"Moheli",0.736855809362662,2002-08-21
"Anjouan",0.64500756004725,2002-09-06
"Grande Comore",0.637852117493756,2002-09-06
"Mayotte",0.625738357414449,2002-09-06
"Moheli",0.723384828164292,2002-09-06
"Anjouan",0.531025961408717,2002-09-22
"Grande Comore",0.593140981439665,2002-09-22
"Mayotte",0.564307754789272,2002-09-22
"Moheli",0.610807369010927,2002-09-22
"Anjouan",0.529986281493207,2002-10-08
"Grande Comore",0.593417803113352,2002-10-08
"Mayotte",0.636799479883739,2002-10-08
"Moheli",0.748371767363072,2002-10-08
"Anjouan",0.440622507390486,2002-10-24
"Grande Comore",0.55114907769396,2002-10-24
"Mayotte",0.574142923362176,2002-10-24
"Moheli",0.566410756062767,2002-10-24
"Anjouan",0.583403896961691,2002-11-09
"Grande Comore",0.609830318075181,2002-11-09
"Mayotte",0.537511861313869,2002-11-09
"Moheli",0.686147416500143,2002-11-09
"Anjouan",0.494815523608547,2002-11-25
"Grande Comore",0.65438732386644,2002-11-25
"Mayotte",0.701377105901374,2002-11-25
"Moheli",0.717689391796323,2002-11-25
"Anjouan",0.534525886430285,2002-12-11
"Grande Comore",0.664893659361029,2002-12-11
"Mayotte",0.693903104450222,2002-12-11
"Moheli",0.745365210084034,2002-12-11
"Anjouan",0.711833524206143,2002-12-27
"Grande Comore",0.679881219998921,2002-12-27
"Mayotte",0.782276849499327,2002-12-27
"Moheli",0.774802642444261,2002-12-27
"Anjouan",0.63428258869908,2003-01-09
"Grande Comore",0.545900772972973,2003-01-09
"Mayotte",0.712596365042537,2003-01-09
"Moheli",0.580445905707196,2003-01-09
"Anjouan",0.618652514635444,2003-01-25
"Grande Comore",0.692673312143797,2003-01-25
"Mayotte",0.615144638676448,2003-01-25
"Moheli",0.739344038245219,2003-01-25
"Anjouan",0.632479879113499,2003-02-10
"Grande Comore",0.5256597105077,2003-02-10
"Mayotte",0.562777653545719,2003-02-10
"Moheli",0.630007790368272,2003-02-10
"Anjouan",0.736260165920464,2003-02-26
"Grande Comore",0.749751640326975,2003-02-26
"Mayotte",0.824930048884815,2003-02-26
"Moheli",0.822549283103739,2003-02-26
"Anjouan",0.645030110534026,2003-03-14
"Grande Comore",0.643292679068245,2003-03-14
"Mayotte",0.692408801000469,2003-03-14
"Moheli",0.700005367793241,2003-03-14
"Anjouan",0.551632903996813,2003-03-30
"Grande Comore",0.653075955352724,2003-03-30
"Mayotte",0.667935687382297,2003-03-30
"Moheli",0.71271762866079,2003-03-30
"Anjouan",0.818930897097625,2003-04-15
"Grande Comore",0.784372838022398,2003-04-15
"Mayotte",0.833519096953765,2003-04-15
"Moheli",0.858344510302004,2003-04-15
"Anjouan",0.657298691168694,2003-05-01
"Grande Comore",0.754788283452613,2003-05-01
"Mayotte",0.791409799272957,2003-05-01
"Moheli",0.714869269380926,2003-05-01
"Anjouan",0.554428161073826,2003-05-17
"Grande Comore",0.625567827097631,2003-05-17
"Mayotte",0.752432230889236,2003-05-17
"Moheli",0.368834417808219,2003-05-17
"Anjouan",0.761252412886259,2003-06-02
"Grande Comore",0.764972045293701,2003-06-02
"Mayotte",0.776710780319649,2003-06-02
"Moheli",0.842879782183748,2003-06-02
"Anjouan",0.700089926715523,2003-06-18
"Grande Comore",0.727820244999729,2003-06-18
"Mayotte",0.767632484076433,2003-06-18
"Moheli",0.738358520437536,2003-06-18
"Anjouan",0.68092564617651,2003-07-04
"Grande Comore",0.669157011745425,2003-07-04
"Mayotte",0.729026292909609,2003-07-04
"Moheli",0.752215793942825,2003-07-04
"Anjouan",0.727074500463147,2003-07-20
"Grande Comore",0.6653680202769,2003-07-20
"Mayotte",0.748659864677841,2003-07-20
"Moheli",0.725087545479989,2003-07-20
"Anjouan",0.732755930402444,2003-08-05
"Grande Comore",0.682032138402299,2003-08-05
"Mayotte",0.722762099833106,2003-08-05
"Moheli",0.824980329241071,2003-08-05
"Anjouan",0.668376416215502,2003-08-21
"Grande Comore",0.660367465623132,2003-08-21
"Mayotte",0.676256892577225,2003-08-21
"Moheli",0.684588402934537,2003-08-21
"Anjouan",0.634884141374327,2003-09-06
"Grande Comore",0.631298889129728,2003-09-06
"Mayotte",0.675002397935954,2003-09-06
"Moheli",0.6985766270515,2003-09-06
"Anjouan",0.518512536098714,2003-09-22
"Grande Comore",0.605695826039387,2003-09-22
"Mayotte",0.608618578741343,2003-09-22
"Moheli",0.668666620189626,2003-09-22
"Anjouan",0.49791291219706,2003-10-08
"Grande Comore",0.543938550013628,2003-10-08
"Mayotte",0.542182779827798,2003-10-08
"Moheli",0.720712030075188,2003-10-08
"Anjouan",0.584284419860398,2003-10-24
"Grande Comore",0.545750581109838,2003-10-24
"Mayotte",0.562379152646069,2003-10-24
"Moheli",0.630832397593813,2003-10-24
"Anjouan",0.55896721333157,2003-11-09
"Grande Comore",0.595563363991849,2003-11-09
"Mayotte",0.524079051870094,2003-11-09
"Moheli",0.560006099608282,2003-11-09
"Anjouan",0.620353709826743,2003-11-25
"Grande Comore",0.640658444188975,2003-11-25
"Mayotte",0.675963506672803,2003-11-25
"Moheli",0.629089814550642,2003-11-25
"Anjouan",0.64810484498725,2003-12-11
"Grande Comore",0.686658920843604,2003-12-11
"Mayotte",0.603592065491184,2003-12-11
"Moheli",0.569012475191381,2003-12-11
"Anjouan",0.632701020808795,2003-12-27
"Grande Comore",0.690835176014641,2003-12-27
"Mayotte",0.710342665662651,2003-12-27
"Moheli",0.652413298167685,2003-12-27
"Anjouan",0.642777397169687,2004-01-09
"Grande Comore",0.701682671539217,2004-01-09
"Mayotte",0.712745060872245,2004-01-09
"Moheli",0.75001657239819,2004-01-09
"Anjouan",0.481222889330683,2004-01-25
"Grande Comore",0.366669259847696,2004-01-25
"Mayotte",0.376895090634441,2004-01-25
"Moheli",0.435093306975431,2004-01-25
"Anjouan",0.719360169155544,2004-02-10
"Grande Comore",0.700959297329635,2004-02-10
"Mayotte",0.720219418079975,2004-02-10
"Moheli",0.758266770715096,2004-02-10
"Anjouan",0.615323433351036,2004-02-26
"Grande Comore",0.673530291326418,2004-02-26
"Mayotte",0.771388313908314,2004-02-26
"Moheli",0.743353177068625,2004-02-26
"Anjouan",0.68551029846733,2004-03-13
"Grande Comore",0.788259508394601,2004-03-13
"Mayotte",0.696704492512479,2004-03-13
"Moheli",0.797200322297099,2004-03-13
"Anjouan",0.735686917372881,2004-03-29
"Grande Comore",0.727736533362793,2004-03-29
"Mayotte",0.779248360277136,2004-03-29
"Moheli",0.825441590909091,2004-03-29
"Anjouan",0.683419387216059,2004-04-14
"Grande Comore",0.711268728883966,2004-04-14
"Mayotte",0.709981877831589,2004-04-14
"Moheli",0.743070478347014,2004-04-14
"Anjouan",0.720616779593463,2004-04-30
"Grande Comore",0.762277245508982,2004-04-30
"Mayotte",0.803085184029944,2004-04-30
"Moheli",0.796366267742833,2004-04-30
"Anjouan",0.715440692235734,2004-05-16
"Grande Comore",0.768315609597574,2004-05-16
"Mayotte",0.817116501901141,2004-05-16
"Moheli",0.74086291913215,2004-05-16
"Anjouan",0.754922388255342,2004-06-01
"Grande Comore",0.739772730229281,2004-06-01
"Mayotte",0.826609878419453,2004-06-01
"Moheli",0.741493058321479,2004-06-01
"Anjouan",0.730589940594059,2004-06-17
"Grande Comore",0.748954827027027,2004-06-17
"Mayotte",0.812840865093769,2004-06-17
"Moheli",0.80164819782062,2004-06-17
"Anjouan",0.732959184207086,2004-07-03
"Grande Comore",0.744795979020979,2004-07-03
"Mayotte",0.783287035633055,2004-07-03
"Moheli",0.737185343383585,2004-07-03
"Anjouan",0.617178338478057,2004-07-19
"Grande Comore",0.703059064517879,2004-07-19
"Mayotte",0.784006961733518,2004-07-19
"Moheli",0.644356710935292,2004-07-19
"Anjouan",0.725501100773162,2004-08-04
"Grande Comore",0.710062445083257,2004-08-04
"Mayotte",0.74580250151607,2004-08-04
"Moheli",0.793681879007527,2004-08-04
"Anjouan",0.672515331837973,2004-08-20
"Grande Comore",0.684144865538929,2004-08-20
"Mayotte",0.671306555606972,2004-08-20
"Moheli",0.763535704125178,2004-08-20
"Anjouan",0.555762814538677,2004-09-05
"Grande Comore",0.574654486723241,2004-09-05
"Mayotte",0.588537553321146,2004-09-05
"Moheli",0.576252452937821,2004-09-05
"Anjouan",0.55300442194992,2004-09-21
"Grande Comore",0.632351404757962,2004-09-21
"Mayotte",0.633000326899128,2004-09-21
"Moheli",0.6082695861678,2004-09-21
"Anjouan",0.43835325655282,2004-10-07
"Grande Comore",0.496869383416017,2004-10-07
"Mayotte",0.603714481256805,2004-10-07
"Moheli",0.55697032967033,2004-10-07
"Anjouan",0.593096765249538,2004-10-23
"Grande Comore",0.638176905209601,2004-10-23
"Mayotte",0.585277466542172,2004-10-23
"Moheli",0.60866704735376,2004-10-23
"Anjouan",0.519954116059379,2004-11-08
"Grande Comore",0.52345661707989,2004-11-08
"Mayotte",0.553203119209388,2004-11-08
"Moheli",0.567045316027088,2004-11-08
"Anjouan",0.504007231487658,2004-11-24
"Grande Comore",0.633078369820385,2004-11-24
"Mayotte",0.616519584893883,2004-11-24
"Moheli",0.602242527754056,2004-11-24
"Anjouan",0.506831478283969,2004-12-10
"Grande Comore",0.682001942590482,2004-12-10
"Mayotte",0.629035998137224,2004-12-10
"Moheli",0.652015505177722,2004-12-10
"Anjouan",0.666199138943249,2004-12-26
"Grande Comore",0.674442602562722,2004-12-26
"Mayotte",0.717485345211581,2004-12-26
"Moheli",0.696749452054795,2004-12-26
"Anjouan",0.75634964057508,2005-01-09
"Grande Comore",0.72387764428352,2005-01-09
"Mayotte",0.705165068707058,2005-01-09
"Moheli",0.801817524613221,2005-01-09
"Anjouan",0.64342544113774,2005-01-25
"Grande Comore",0.610135789416018,2005-01-25
"Mayotte",0.689700266123982,2005-01-25
"Moheli",0.744344627161894,2005-01-25
"Anjouan",0.627710235905638,2005-02-10
"Grande Comore",0.689951113060643,2005-02-10
"Mayotte",0.706939497535379,2005-02-10
"Moheli",0.61115914844649,2005-02-10
"Anjouan",0.621542716664481,2005-02-26
"Grande Comore",0.638584192272259,2005-02-26
"Mayotte",0.767047444478248,2005-02-26
"Moheli",0.69699792022792,2005-02-26
"Anjouan",0.750151615047189,2005-03-14
"Grande Comore",0.636057842213228,2005-03-14
"Mayotte",0.740770254224387,2005-03-14
"Moheli",0.695469448497228,2005-03-14
"Anjouan",0.775067000923605,2005-03-30
"Grande Comore",0.693436635097493,2005-03-30
"Mayotte",0.808684638040614,2005-03-30
"Moheli",0.793415543018336,2005-03-30
"Anjouan",0.666620753215754,2005-04-15
"Grande Comore",0.649258718900648,2005-04-15
"Mayotte",0.734586753445636,2005-04-15
"Moheli",0.631422714285714,2005-04-15
"Anjouan",0.695343443174176,2005-05-01
"Grande Comore",0.733401200760663,2005-05-01
"Mayotte",0.802794928214732,2005-05-01
"Moheli",0.815425560538117,2005-05-01
"Anjouan",0.730183786666667,2005-05-17
"Grande Comore",0.672677139720011,2005-05-17
"Mayotte",0.73361259430331,2005-05-17
"Moheli",0.649308154506438,2005-05-17
"Anjouan",0.749456880611014,2005-06-02
"Grande Comore",0.763516093699165,2005-06-02
"Mayotte",0.806016710222905,2005-06-02
"Moheli",0.736295589482612,2005-06-02
"Anjouan",0.73146944040217,2005-06-18
"Grande Comore",0.748748628239257,2005-06-18
"Mayotte",0.778790099160946,2005-06-18
"Moheli",0.71699370122631,2005-06-18
"Anjouan",0.62822134008259,2005-07-04
"Grande Comore",0.703922790393727,2005-07-04
"Mayotte",0.789660165975104,2005-07-04
"Moheli",0.750749320113314,2005-07-04
"Anjouan",0.717375414801159,2005-07-20
"Grande Comore",0.697311195240671,2005-07-20
"Mayotte",0.740962379951981,2005-07-20
"Moheli",0.743264192634561,2005-07-20
"Anjouan",0.681466527703066,2005-08-05
"Grande Comore",0.681577469017852,2005-08-05
"Mayotte",0.677261247695144,2005-08-05
"Moheli",0.745458028169014,2005-08-05
"Anjouan",0.604966064790228,2005-08-21
"Grande Comore",0.634849994544463,2005-08-21
"Mayotte",0.652092493422071,2005-08-21
"Moheli",0.744412951467269,2005-08-21
"Anjouan",0.657812075322623,2005-09-06
"Grande Comore",0.632759897031438,2005-09-06
"Mayotte",0.650596381878991,2005-09-06
"Moheli",0.721398859098688,2005-09-06
"Anjouan",0.515392505979272,2005-09-22
"Grande Comore",0.564664836500221,2005-09-22
"Mayotte",0.552856827461062,2005-09-22
"Moheli",0.61633627283105,2005-09-22
"Anjouan",0.496845555408797,2005-10-08
"Grande Comore",0.519106115973742,2005-10-08
"Mayotte",0.491310745207174,2005-10-08
"Moheli",0.610732713440406,2005-10-08
"Anjouan",0.508757736048664,2005-10-24
"Grande Comore",0.517832881558894,2005-10-24
"Mayotte",0.547036251350934,2005-10-24
"Moheli",0.665665786516854,2005-10-24
"Anjouan",0.596847362173569,2005-11-09
"Grande Comore",0.649110568710131,2005-11-09
"Mayotte",0.662956361401352,2005-11-09
"Moheli",0.732520919922416,2005-11-09
"Anjouan",0.552759665745493,2005-11-25
"Grande Comore",0.559312682606555,2005-11-25
"Mayotte",0.584804490925869,2005-11-25
"Moheli",0.717219581589958,2005-11-25
"Anjouan",0.615660539965421,2005-12-11
"Grande Comore",0.614066690175229,2005-12-11
"Mayotte",0.619100397140588,2005-12-11
"Moheli",0.628271800616074,2005-12-11
"Anjouan",0.603158224543081,2005-12-27
"Grande Comore",0.557876412353384,2005-12-27
"Mayotte",0.68590908416209,2005-12-27
"Moheli",0.771192056970693,2005-12-27
"Anjouan",0.512762885638298,2006-01-09
"Grande Comore",0.618883869909811,2006-01-09
"Mayotte",0.575638443795171,2006-01-09
"Moheli",0.749720469142698,2006-01-09
"Anjouan",0.644255957161981,2006-01-25
"Grande Comore",0.664366866806213,2006-01-25
"Mayotte",0.529776704631739,2006-01-25
"Moheli",0.685083605633803,2006-01-25
"Anjouan",0.592025545793397,2006-02-10
"Grande Comore",0.644530426452072,2006-02-10
"Mayotte",0.736707187017002,2006-02-10
"Moheli",0.716427139226207,2006-02-10
"Anjouan",0.569740194752502,2006-02-26
"Grande Comore",0.541558266029339,2006-02-26
"Mayotte",0.680081403453192,2006-02-26
"Moheli",0.585979319955407,2006-02-26
"Anjouan",0.646330697050938,2006-03-14
"Grande Comore",0.643022592592593,2006-03-14
"Mayotte",0.747813155416013,2006-03-14
"Moheli",0.795065981992122,2006-03-14
"Anjouan",0.704641478330231,2006-03-30
"Grande Comore",0.642458461369622,2006-03-30
"Mayotte",0.68520902587519,2006-03-30
"Moheli",0.704188307254623,2006-03-30
"Anjouan",0.776135035818519,2006-04-15
"Grande Comore",0.739891786570744,2006-04-15
"Mayotte",0.763536870811906,2006-04-15
"Moheli",0.739288822695035,2006-04-15
"Anjouan",0.600298452380952,2006-05-01
"Grande Comore",0.685545787345645,2006-05-01
"Mayotte",0.685239809674861,2006-05-01
"Moheli",0.690958992601025,2006-05-01
"Anjouan",0.812941009380367,2006-05-17
"Grande Comore",0.763026904852677,2006-05-17
"Mayotte",0.795436859756097,2006-05-17
"Moheli",0.811459428571428,2006-05-17
"Anjouan",0.726471699615232,2006-06-02
"Grande Comore",0.686365973359537,2006-06-02
"Mayotte",0.824598798706299,2006-06-02
"Moheli",0.642836189660097,2006-06-02
"Anjouan",0.71243896345515,2006-06-18
"Grande Comore",0.770790169863014,2006-06-18
"Mayotte",0.808237047020066,2006-06-18
"Moheli",0.793247945205479,2006-06-18
"Anjouan",0.609680981513499,2006-07-04
"Grande Comore",0.719069567827131,2006-07-04
"Mayotte",0.77117957105385,2006-07-04
"Moheli",0.770874760832864,2006-07-04
"Anjouan",0.725426023196907,2006-07-20
"Grande Comore",0.707130597258486,2006-07-20
"Mayotte",0.749338734875172,2006-07-20
"Moheli",0.731198497732426,2006-07-20
"Anjouan",0.649815529192215,2006-08-05
"Grande Comore",0.673852652259332,2006-08-05
"Mayotte",0.698683241337013,2006-08-05
"Moheli",0.742313688430699,2006-08-05
"Anjouan",0.709014040643969,2006-08-21
"Grande Comore",0.697049487499322,2006-08-21
"Mayotte",0.72809315235626,2006-08-21
"Moheli",0.823348200224972,2006-08-21
"Anjouan",0.659322017007707,2006-09-06
"Grande Comore",0.683660624862728,2006-09-06
"Mayotte",0.700153002771789,2006-09-06
"Moheli",0.60502380141844,2006-09-06
"Anjouan",0.692166866586699,2006-09-22
"Grande Comore",0.604901330340523,2006-09-22
"Mayotte",0.674558706856161,2006-09-22
"Moheli",0.70914729808251,2006-09-22
"Anjouan",0.671614169446298,2006-10-08
"Grande Comore",0.610720127409523,2006-10-08
"Mayotte",0.664126913050146,2006-10-08
"Moheli",0.660254940374787,2006-10-08
"Anjouan",0.571602596692634,2006-10-24
"Grande Comore",0.600786351879368,2006-10-24
"Mayotte",0.59097699844479,2006-10-24
"Moheli",0.580135481148002,2006-10-24
"Anjouan",0.571211102268205,2006-11-09
"Grande Comore",0.616402927606284,2006-11-09
"Mayotte",0.467138652266504,2006-11-09
"Moheli",0.688067650429799,2006-11-09
"Anjouan",0.541415077129443,2006-11-25
"Grande Comore",0.55326467056062,2006-11-25
"Mayotte",0.570112169973442,2006-11-25
"Moheli",0.686238226213865,2006-11-25
"Anjouan",0.520493886693017,2006-12-11
"Grande Comore",0.469503953067602,2006-12-11
"Mayotte",0.615044873606532,2006-12-11
"Moheli",0.651005546171171,2006-12-11
"Anjouan",0.707818348623853,2006-12-27
"Grande Comore",0.674598749865865,2006-12-27
"Mayotte",0.667894073735527,2006-12-27
"Moheli",0.657620175920836,2006-12-27
"Anjouan",0.701527937058274,2007-01-09
"Grande Comore",0.67706088355604,2007-01-09
"Mayotte",0.756389472087379,2007-01-09
"Moheli",0.750039909681061,2007-01-09
"Anjouan",0.587061553837953,2007-01-25
"Grande Comore",0.671972259973696,2007-01-25
"Mayotte",0.70755535546508,2007-01-25
"Moheli",0.676451913807769,2007-01-25
"Anjouan",0.572761170212766,2007-02-10
"Grande Comore",0.663214061817388,2007-02-10
"Mayotte",0.679056263565892,2007-02-10
"Moheli",0.558798689712852,2007-02-10
"Anjouan",0.734846873755476,2007-02-26
"Grande Comore",0.759415951452102,2007-02-26
"Mayotte",0.736646060701368,2007-02-26
"Moheli",0.705298161764706,2007-02-26
"Anjouan",0.664839547130068,2007-03-14
"Grande Comore",0.623252996172772,2007-03-14
"Mayotte",0.640789442503418,2007-03-14
"Moheli",0.725009152542373,2007-03-14
"Anjouan",0.730013277623027,2007-03-30
"Grande Comore",0.770467666153169,2007-03-30
"Mayotte",0.817741260789149,2007-03-30
"Moheli",0.804081141721102,2007-03-30
"Anjouan",0.71446,2007-04-15
"Grande Comore",0.77966701562161,2007-04-15
"Mayotte",0.713448419899875,2007-04-15
"Moheli",0.800962895797352,2007-04-15
"Anjouan",0.750621751262291,2007-05-01
"Grande Comore",0.756292435505028,2007-05-01
"Mayotte",0.82651768738574,2007-05-01
"Moheli",0.798264233163554,2007-05-01
"Anjouan",0.769290019933555,2007-05-17
"Grande Comore",0.791981818675353,2007-05-17
"Mayotte",0.78735985072306,2007-05-17
"Moheli",0.749960451977401,2007-05-17
"Anjouan",0.771868751649512,2007-06-02
"Grande Comore",0.751496408163265,2007-06-02
"Mayotte",0.814499039634146,2007-06-02
"Moheli",0.688978068466462,2007-06-02
"Anjouan",0.801464096739711,2007-06-18
"Grande Comore",0.726467233208041,2007-06-18
"Mayotte",0.805227915632754,2007-06-18
"Moheli",0.800306120092379,2007-06-18
"Anjouan",0.720726169088507,2007-07-04
"Grande Comore",0.732258423751687,2007-07-04
"Mayotte",0.765962565932361,2007-07-04
"Moheli",0.800888210467079,2007-07-04
"Anjouan",0.651471555378908,2007-07-20
"Grande Comore",0.724457315217391,2007-07-20
"Mayotte",0.757178073549777,2007-07-20
"Moheli",0.692832671532847,2007-07-20
"Anjouan",0.709568317485473,2007-08-05
"Grande Comore",0.708037696732878,2007-08-05
"Mayotte",0.641044296116505,2007-08-05
"Moheli",0.704420549084859,2007-08-05
"Anjouan",0.730926121858139,2007-08-21
"Grande Comore",0.694846763683753,2007-08-21
"Mayotte",0.71679184341859,2007-08-21
"Moheli",0.796044419642857,2007-08-21
"Anjouan",0.67641952212157,2007-09-06
"Grande Comore",0.67183688752936,2007-09-06
"Mayotte",0.720941198327914,2007-09-06
"Moheli",0.72056753171857,2007-09-06
"Anjouan",0.541962632071686,2007-09-22
"Grande Comore",0.649156093810073,2007-09-22
"Mayotte",0.617030429428967,2007-09-22
"Moheli",0.623272636957139,2007-09-22
"Anjouan",0.591076006958384,2007-10-08
"Grande Comore",0.582663896075301,2007-10-08
"Mayotte",0.656189118691156,2007-10-08
"Moheli",0.628975803673938,2007-10-08
"Anjouan",0.501869266542652,2007-10-24
"Grande Comore",0.582482434591022,2007-10-24
"Mayotte",0.679876739229715,2007-10-24
"Moheli",0.624316381766382,2007-10-24
"Anjouan",0.59008541556379,2007-11-09
"Grande Comore",0.615743363900939,2007-11-09
"Mayotte",0.675594114935464,2007-11-09
"Moheli",0.576060688458201,2007-11-09
"Anjouan",0.489339131585915,2007-11-25
"Grande Comore",0.650241048178872,2007-11-25
"Mayotte",0.59457029565753,2007-11-25
"Moheli",0.600560283687943,2007-11-25
"Anjouan",0.539217202593622,2007-12-11
"Grande Comore",0.52156770340196,2007-12-11
"Mayotte",0.633514100185529,2007-12-11
"Moheli",0.559319252709641,2007-12-11
"Anjouan",0.65836335133711,2007-12-27
"Grande Comore",0.670667242030314,2007-12-27
"Mayotte",0.68646679076694,2007-12-27
"Moheli",0.634461936936937,2007-12-27
"Anjouan",0.561220711715314,2008-01-09
"Grande Comore",0.596021884914123,2008-01-09
"Mayotte",0.643566588966589,2008-01-09
"Moheli",0.631187305185605,2008-01-09
"Anjouan",0.382612134057491,2008-01-25
"Grande Comore",0.438335014235655,2008-01-25
"Mayotte",0.333580994152047,2008-01-25
"Moheli",0.430773138975375,2008-01-25
"Anjouan",0.450771821214143,2008-02-10
"Grande Comore",0.45361469839513,2008-02-10
"Mayotte",0.538988308115543,2008-02-10
"Moheli",0.555609541547278,2008-02-10
"Anjouan",0.624380678191489,2008-02-26
"Grande Comore",0.550981157513976,2008-02-26
"Mayotte",0.69837347972973,2008-02-26
"Moheli",0.623091185669605,2008-02-26
"Anjouan",0.665459641615405,2008-03-13
"Grande Comore",0.616385951357528,2008-03-13
"Mayotte",0.726005305491106,2008-03-13
"Moheli",0.649156508293506,2008-03-13
"Anjouan",0.711814030169537,2008-03-29
"Grande Comore",0.718115141781125,2008-03-29
"Mayotte",0.757543267108168,2008-03-29
"Moheli",0.721911063341932,2008-03-29
"Anjouan",0.637099269685301,2008-04-14
"Grande Comore",0.679575513123865,2008-04-14
"Mayotte",0.793530738584125,2008-04-14
"Moheli",0.669669111747851,2008-04-14
"Anjouan",0.728652243459401,2008-04-30
"Grande Comore",0.735269934962016,2008-04-30
"Mayotte",0.755985058194401,2008-04-30
"Moheli",0.739012252405207,2008-04-30
"Anjouan",0.762372025467569,2008-05-16
"Grande Comore",0.782341016967647,2008-05-16
"Mayotte",0.776283112071627,2008-05-16
"Moheli",0.750871529146719,2008-05-16
"Anjouan",0.80054334385688,2008-06-01
"Grande Comore",0.751633043289102,2008-06-01
"Mayotte",0.78522487819732,2008-06-01
"Moheli",0.834531156347187,2008-06-01
"Anjouan",0.747342109479306,2008-06-17
"Grande Comore",0.732860824463774,2008-06-17
"Mayotte",0.692328453896306,2008-06-17
"Moheli",0.756101517706577,2008-06-17
"Anjouan",0.74604298432102,2008-07-03
"Grande Comore",0.724581000540833,2008-07-03
"Mayotte",0.786201763990268,2008-07-03
"Moheli",0.823514595496247,2008-07-03
"Anjouan",0.698774883099532,2008-07-19
"Grande Comore",0.690964184164479,2008-07-19
"Mayotte",0.754684249809596,2008-07-19
"Moheli",0.668638261851016,2008-07-19
"Anjouan",0.647726453411203,2008-08-04
"Grande Comore",0.652729203684526,2008-08-04
"Mayotte",0.639968152375077,2008-08-04
"Moheli",0.650780949704973,2008-08-04
"Anjouan",0.622609280556298,2008-08-20
"Grande Comore",0.653075614809968,2008-08-20
"Mayotte",0.7049357596407,2008-08-20
"Moheli",0.76904705882353,2008-08-20
"Anjouan",0.706983803566675,2008-09-05
"Grande Comore",0.61951855580345,2008-09-05
"Mayotte",0.705540386697602,2008-09-05
"Moheli",0.740378669660399,2008-09-05
"Anjouan",0.624902252964427,2008-09-21
"Grande Comore",0.524483282426094,2008-09-21
"Mayotte",0.669232946032717,2008-09-21
"Moheli",0.53307117397454,2008-09-21
"Anjouan",0.494894498082264,2008-10-07
"Grande Comore",0.604489896544134,2008-10-07
"Mayotte",0.596069031758327,2008-10-07
"Moheli",0.62535826458037,2008-10-07
"Anjouan",0.439926335420274,2008-10-23
"Grande Comore",0.429984240057209,2008-10-23
"Mayotte",0.611149440441515,2008-10-23
"Moheli",0.529263742690058,2008-10-23
"Anjouan",0.490940364513535,2008-11-08
"Grande Comore",0.598227541700848,2008-11-08
"Mayotte",0.610004879555281,2008-11-08
"Moheli",0.649833275663206,2008-11-08
"Anjouan",0.534742874077977,2008-11-24
"Grande Comore",0.594384028350091,2008-11-24
"Mayotte",0.607931342585373,2008-11-24
"Moheli",0.672655692999719,2008-11-24
"Anjouan",0.49011881121696,2008-12-10
"Grande Comore",0.448965652341386,2008-12-10
"Mayotte",0.500303658724058,2008-12-10
"Moheli",0.650851783691959,2008-12-10
"Anjouan",0.68178315871168,2008-12-26
"Grande Comore",0.647105472368846,2008-12-26
"Mayotte",0.649223461367344,2008-12-26
"Moheli",0.688534293552812,2008-12-26
"Anjouan",0.483820158687466,2009-01-09
"Grande Comore",0.639698212033127,2009-01-09
"Mayotte",0.516917108732744,2009-01-09
"Moheli",0.572744656381487,2009-01-09
"Anjouan",0.690885620477084,2009-01-25
"Grande Comore",0.707969984843564,2009-01-25
"Mayotte",0.689889031050086,2009-01-25
"Moheli",0.66638955936009,2009-01-25
"Anjouan",0.640511622308413,2009-02-10
"Grande Comore",0.645786301974192,2009-02-10
"Mayotte",0.666381159643187,2009-02-10
"Moheli",0.693799972059234,2009-02-10
"Anjouan",0.583673478607494,2009-02-26
"Grande Comore",0.623146082264192,2009-02-26
"Mayotte",0.698320334818,2009-02-26
"Moheli",0.741142004504505,2009-02-26
"Anjouan",0.536594854916711,2009-03-14
"Grande Comore",0.632921896014433,2009-03-14
"Mayotte",0.679027798334875,2009-03-14
"Moheli",0.619655616045845,2009-03-14
"Anjouan",0.741666148693905,2009-03-30
"Grande Comore",0.731497588450812,2009-03-30
"Mayotte",0.697264914922451,2009-03-30
"Moheli",0.80442025751073,2009-03-30
"Anjouan",0.691162587458746,2009-04-15
"Grande Comore",0.74618137254902,2009-04-15
"Mayotte",0.789184505289359,2009-04-15
"Moheli",0.710614431528211,2009-04-15
"Anjouan",0.777407888074617,2009-05-01
"Grande Comore",0.731610405066055,2009-05-01
"Mayotte",0.797954330708661,2009-05-01
"Moheli",0.86042745323741,2009-05-01
"Anjouan",0.77888262235017,2009-05-17
"Grande Comore",0.781064792401628,2009-05-17
"Mayotte",0.802527303807304,2009-05-17
"Moheli",0.811019638386648,2009-05-17
"Anjouan",0.806526416093171,2009-06-02
"Grande Comore",0.760073119385215,2009-06-02
"Mayotte",0.788743472285845,2009-06-02
"Moheli",0.855876116007961,2009-06-02
"Anjouan",0.762643913328956,2009-06-18
"Grande Comore",0.740679662118259,2009-06-18
"Mayotte",0.75740937690898,2009-06-18
"Moheli",0.797415008384572,2009-06-18
"Anjouan",0.670730368504772,2009-07-04
"Grande Comore",0.645724889831892,2009-07-04
"Mayotte",0.695049231242312,2009-07-04
"Moheli",0.749610464110695,2009-07-04
"Anjouan",0.620245755584757,2009-07-20
"Grande Comore",0.681927704428145,2009-07-20
"Mayotte",0.710264596368076,2009-07-20
"Moheli",0.69377467385139,2009-07-20
"Anjouan",0.676153288770054,2009-08-05
"Grande Comore",0.688641376866892,2009-08-05
"Mayotte",0.700055296999388,2009-08-05
"Moheli",0.800174110835401,2009-08-05
"Anjouan",0.681288474262273,2009-08-21
"Grande Comore",0.652009421667119,2009-08-21
"Mayotte",0.638818973180077,2009-08-21
"Moheli",0.77416122391427,2009-08-21
"Anjouan",0.590480902356902,2009-09-06
"Grande Comore",0.62852674322765,2009-09-06
"Mayotte",0.574157393758821,2009-09-06
"Moheli",0.698278972354091,2009-09-06
"Anjouan",0.512768124917644,2009-09-22
"Grande Comore",0.641325093653293,2009-09-22
"Mayotte",0.570208228340333,2009-09-22
"Moheli",0.6947053325849,2009-09-22
"Anjouan",0.386362410501193,2009-10-08
"Grande Comore",0.55315128064197,2009-10-08
"Mayotte",0.566894665849172,2009-10-08
"Moheli",0.51116829064588,2009-10-08
"Anjouan",0.536426850990296,2009-10-24
"Grande Comore",0.498514268466689,2009-10-24
"Mayotte",0.630188728056668,2009-10-24
"Moheli",0.599361175802329,2009-10-24
"Anjouan",0.618865106721464,2009-11-09
"Grande Comore",0.592302585497063,2009-11-09
"Mayotte",0.659666483011938,2009-11-09
"Moheli",0.610871496238507,2009-11-09
"Anjouan",0.556803397734843,2009-11-25
"Grande Comore",0.506240693795864,2009-11-25
"Mayotte",0.573116394462591,2009-11-25
"Moheli",0.518434754376059,2009-11-25
"Anjouan",0.658673496835443,2009-12-11
"Grande Comore",0.672627685927866,2009-12-11
"Mayotte",0.638176493167511,2009-12-11
"Moheli",0.726732377740304,2009-12-11
"Anjouan",0.635256624951619,2009-12-27
"Grande Comore",0.619695182795699,2009-12-27
"Mayotte",0.679895850500294,2009-12-27
"Moheli",0.665254898695531,2009-12-27
"Anjouan",0.576051876728566,2010-01-09
"Grande Comore",0.450766373172455,2010-01-09
"Mayotte",0.596531796599786,2010-01-09
"Moheli",0.509838673557278,2010-01-09
"Anjouan",0.586498336909871,2010-01-25
"Grande Comore",0.663890978142077,2010-01-25
"Mayotte",0.646832832516211,2010-01-25
"Moheli",0.721407465228498,2010-01-25
"Anjouan",0.647783164759116,2010-02-10
"Grande Comore",0.705132683467184,2010-02-10
"Mayotte",0.564407500387417,2010-02-10
"Moheli",0.662823894313613,2010-02-10
"Anjouan",0.704242900905701,2010-02-26
"Grande Comore",0.671923070232659,2010-02-26
"Mayotte",0.701574041811847,2010-02-26
"Moheli",0.741190608992601,2010-02-26
"Anjouan",0.705875285372976,2010-03-14
"Grande Comore",0.676814891060995,2010-03-14
"Mayotte",0.801573880482959,2010-03-14
"Moheli",0.702261075147762,2010-03-14
"Anjouan",0.771138218429124,2010-03-30
"Grande Comore",0.753755059297138,2010-03-30
"Mayotte",0.782231437969925,2010-03-30
"Moheli",0.801769388904534,2010-03-30
"Anjouan",0.721336407185629,2010-04-15
"Grande Comore",0.654689111258132,2010-04-15
"Mayotte",0.755059280037401,2010-04-15
"Moheli",0.767217131359586,2010-04-15
"Anjouan",0.697741343873518,2010-05-01
"Grande Comore",0.769198771968126,2010-05-01
"Mayotte",0.792505025125628,2010-05-01
"Moheli",0.756755916993831,2010-05-01
"Anjouan",0.819147052603754,2010-05-17
"Grande Comore",0.787958447140758,2010-05-17
"Mayotte",0.810442374727669,2010-05-17
"Moheli",0.839729554317549,2010-05-17
"Anjouan",0.747708024936994,2010-06-02
"Grande Comore",0.755323174050288,2010-06-02
"Mayotte",0.794353333333333,2010-06-02
"Moheli",0.796361626607043,2010-06-02
"Anjouan",0.749709535160906,2010-06-18
"Grande Comore",0.764122652563059,2010-06-18
"Mayotte",0.791751176380132,2010-06-18
"Moheli",0.846961646529924,2010-06-18
"Anjouan",0.718693009400238,2010-07-04
"Grande Comore",0.739554517843584,2010-07-04
"Mayotte",0.787182349360925,2010-07-04
"Moheli",0.745492056737589,2010-07-04
"Anjouan",0.750502252667633,2010-07-20
"Grande Comore",0.716163656590872,2010-07-20
"Mayotte",0.718333178797713,2010-07-20
"Moheli",0.833650792278882,2010-07-20
"Anjouan",0.731571770901909,2010-08-05
"Grande Comore",0.699616247350975,2010-08-05
"Mayotte",0.760932190417879,2010-08-05
"Moheli",0.785418056725639,2010-08-05
"Anjouan",0.608535893375561,2010-08-21
"Grande Comore",0.649480807585418,2010-08-21
"Mayotte",0.700130975461981,2010-08-21
"Moheli",0.612753874538745,2010-08-21
"Anjouan",0.654684994640943,2010-09-06
"Grande Comore",0.6728254018245,2010-09-06
"Mayotte",0.697558578695853,2010-09-06
"Moheli",0.791019732726756,2010-09-06
"Anjouan",0.571588844568541,2010-09-22
"Grande Comore",0.621037864183412,2010-09-22
"Mayotte",0.631101246537396,2010-09-22
"Moheli",0.726373122302158,2010-09-22
"Anjouan",0.590552415618796,2010-10-08
"Grande Comore",0.634262403311908,2010-10-08
"Mayotte",0.607651112804878,2010-10-08
"Moheli",0.698361104879417,2010-10-08
"Anjouan",0.546216173120729,2010-10-24
"Grande Comore",0.616525241183845,2010-10-24
"Mayotte",0.632548187567484,2010-10-24
"Moheli",0.558146902158677,2010-10-24
"Anjouan",0.503363383438818,2010-11-09
"Grande Comore",0.550110279712669,2010-11-09
"Mayotte",0.584111265899455,2010-11-09
"Moheli",0.527434506845488,2010-11-09
"Anjouan",0.64386818062138,2010-11-25
"Grande Comore",0.62932716083002,2010-11-25
"Mayotte",0.728988780189544,2010-11-25
"Moheli",0.714604825056433,2010-11-25
"Anjouan",0.624366728772957,2010-12-11
"Grande Comore",0.608649267100977,2010-12-11
"Mayotte",0.599332181790266,2010-12-11
"Moheli",0.71476296193387,2010-12-11
"Anjouan",0.674817171717172,2010-12-27
"Grande Comore",0.631889976727824,2010-12-27
"Mayotte",0.676777532448158,2010-12-27
"Moheli",0.750501177437021,2010-12-27
"Anjouan",0.499453213572854,2011-01-09
"Grande Comore",0.547262822416543,2011-01-09
"Mayotte",0.653864782133375,2011-01-09
"Moheli",0.652920241098963,2011-01-09
"Anjouan",0.655769032172647,2011-01-25
"Grande Comore",0.663136574175224,2011-01-25
"Mayotte",0.692336560135865,2011-01-25
"Moheli",0.746124552937837,2011-01-25
"Anjouan",0.50263237905898,2011-02-10
"Grande Comore",0.426071799659509,2011-02-10
"Mayotte",0.611747903643848,2011-02-10
"Moheli",0.463709004329004,2011-02-10
"Anjouan",0.660993264386105,2011-02-26
"Grande Comore",0.562075092240762,2011-02-26
"Mayotte",0.758128301001252,2011-02-26
"Moheli",0.675966418322296,2011-02-26
"Anjouan",0.66385981611682,2011-03-14
"Grande Comore",0.743406357397749,2011-03-14
"Mayotte",0.740299597164035,2011-03-14
"Moheli",0.653777064479638,2011-03-14
"Anjouan",0.644747425006637,2011-03-30
"Grande Comore",0.715774608599779,2011-03-30
"Mayotte",0.667936713775431,2011-03-30
"Moheli",0.726362039898848,2011-03-30
"Anjouan",0.716561304405345,2011-04-15
"Grande Comore",0.721269981867136,2011-04-15
"Mayotte",0.7732427817448,2011-04-15
"Moheli",0.731281907158837,2011-04-15
"Anjouan",0.754328629401754,2011-05-01
"Grande Comore",0.737639206830074,2011-05-01
"Mayotte",0.79064112620174,2011-05-01
"Moheli",0.871869407158837,2011-05-01
"Anjouan",0.7029715,2011-05-17
"Grande Comore",0.74805974381432,2011-05-17
"Mayotte",0.793767725752508,2011-05-17
"Moheli",0.825927884615385,2011-05-17
"Anjouan",0.758257675525585,2011-06-02
"Grande Comore",0.738243045236014,2011-06-02
"Mayotte",0.797498581884721,2011-06-02
"Moheli",0.868679121186678,2011-06-02
"Anjouan",0.731433470689884,2011-06-18
"Grande Comore",0.75282747002333,2011-06-18
"Mayotte",0.814980048773053,2011-06-18
"Moheli",0.824668531073446,2011-06-18
"Anjouan",0.787277880725564,2011-07-04
"Grande Comore",0.764201289274106,2011-07-04
"Mayotte",0.811830373269115,2011-07-04
"Moheli",0.856352088589851,2011-07-04
"Anjouan",0.629380719557196,2011-07-20
"Grande Comore",0.682659651503637,2011-07-20
"Mayotte",0.763431340773582,2011-07-20
"Moheli",0.6571201887332,2011-07-20
"Anjouan",0.749750131475151,2011-08-05
"Grande Comore",0.727026089074084,2011-08-05
"Mayotte",0.746324764114462,2011-08-05
"Moheli",0.803502330264672,2011-08-05
"Anjouan",0.584462201274562,2011-08-21
"Grande Comore",0.636901358308687,2011-08-21
"Mayotte",0.68535231870526,2011-08-21
"Moheli",0.670866837753065,2011-08-21
"Anjouan",0.672109793410042,2011-09-06
"Grande Comore",0.63849344572324,2011-09-06
"Mayotte",0.672705457025921,2011-09-06
"Moheli",0.629999774520857,2011-09-06
"Anjouan",0.641212066445183,2011-09-22
"Grande Comore",0.519928159485388,2011-09-22
"Mayotte",0.580140785452323,2011-09-22
"Moheli",0.669782140829074,2011-09-22
"Anjouan",0.624976517739816,2011-10-08
"Grande Comore",0.63425727228074,2011-10-08
"Mayotte",0.622693714026053,2011-10-08
"Moheli",0.608234946838277,2011-10-08
"Anjouan",0.638252255137443,2011-10-24
"Grande Comore",0.672383267086232,2011-10-24
"Mayotte",0.584330098734958,2011-10-24
"Moheli",0.599245753655793,2011-10-24
"Anjouan",0.581121358189081,2011-11-09
"Grande Comore",0.642831924805437,2011-11-09
"Mayotte",0.543522153369481,2011-11-09
"Moheli",0.685258302791091,2011-11-09
"Anjouan",0.46789744612929,2011-11-25
"Grande Comore",0.487121230224582,2011-11-25
"Mayotte",0.5293705990501,2011-11-25
"Moheli",0.51743155216285,2011-11-25
"Anjouan",0.499543047061952,2011-12-11
"Grande Comore",0.563021452618798,2011-12-11
"Mayotte",0.561428446662508,2011-12-11
"Moheli",0.635504702549575,2011-12-11
"Anjouan",0.657412759800053,2011-12-27
"Grande Comore",0.714056271861379,2011-12-27
"Mayotte",0.693205292605474,2011-12-27
"Moheli",0.760754742096506,2011-12-27
"Anjouan",0.550470611596505,2012-01-09
"Grande Comore",0.470904200296492,2012-01-09
"Mayotte",0.522958984803384,2012-01-09
"Moheli",0.639025285435812,2012-01-09
"Anjouan",0.610824246079614,2012-01-25
"Grande Comore",0.67782840403602,2012-01-25
"Mayotte",0.613774687944383,2012-01-25
"Moheli",0.689635807617459,2012-01-25
"Anjouan",0.565933333333333,2012-02-10
"Grande Comore",0.638447889016331,2012-02-10
"Mayotte",0.653076075968755,2012-02-10
"Moheli",0.662357332963682,2012-02-10
"Anjouan",0.661936933797909,2012-02-26
"Grande Comore",0.507299635540339,2012-02-26
"Mayotte",0.604077633587786,2012-02-26
"Moheli",0.61524129395218,2012-02-26
"Anjouan",0.604856353291791,2012-03-13
"Grande Comore",0.538108889871738,2012-03-13
"Mayotte",0.702581398923905,2012-03-13
"Moheli",0.609644638888889,2012-03-13
"Anjouan",0.676391154661017,2012-03-29
"Grande Comore",0.689106511780105,2012-03-29
"Mayotte",0.765514577887129,2012-03-29
"Moheli",0.830870924369748,2012-03-29
"Anjouan",0.695863527712109,2012-04-14
"Grande Comore",0.598307265594784,2012-04-14
"Mayotte",0.736254546872563,2012-04-14
"Moheli",0.684023140732265,2012-04-14
"Anjouan",0.711686985658759,2012-04-30
"Grande Comore",0.732458107217401,2012-04-30
"Mayotte",0.83136371105255,2012-04-30
"Moheli",0.681184158986175,2012-04-30
"Anjouan",0.746811425534742,2012-05-16
"Grande Comore",0.761764719113452,2012-05-16
"Mayotte",0.814816350098769,2012-05-16
"Moheli",0.66113733784546,2012-05-16
"Anjouan",0.77518710024187,2012-06-01
"Grande Comore",0.787001149362676,2012-06-01
"Mayotte",0.77644245014245,2012-06-01
"Moheli",0.813639449283507,2012-06-01
"Anjouan",0.733280196182397,2012-06-17
"Grande Comore",0.721870276748747,2012-06-17
"Mayotte",0.735316993464052,2012-06-17
"Moheli",0.76477511299435,2012-06-17
"Anjouan",0.797028063241107,2012-07-03
"Grande Comore",0.754277037757252,2012-07-03
"Mayotte",0.805839043398533,2012-07-03
"Moheli",0.833551576256745,2012-07-03
"Anjouan",0.750730236866481,2012-07-19
"Grande Comore",0.721023548264436,2012-07-19
"Mayotte",0.795025749318801,2012-07-19
"Moheli",0.748333514596451,2012-07-19
"Anjouan",0.744341698435651,2012-08-04
"Grande Comore",0.704832754046884,2012-08-04
"Mayotte",0.755465952857803,2012-08-04
"Moheli",0.738733792909398,2012-08-04
"Anjouan",0.702457274765862,2012-08-20
"Grande Comore",0.686068100534293,2012-08-20
"Mayotte",0.720442285023424,2012-08-20
"Moheli",0.687664934323244,2012-08-20
"Anjouan",0.623794815606627,2012-09-05
"Grande Comore",0.623298421398816,2012-09-05
"Mayotte",0.645979778781742,2012-09-05
"Moheli",0.757145251396648,2012-09-05
"Anjouan",0.613238194258116,2012-09-21
"Grande Comore",0.642502740025108,2012-09-21
"Mayotte",0.668913824604141,2012-09-21
"Moheli",0.766296659180236,2012-09-21
"Anjouan",0.520949549191196,2012-10-07
"Grande Comore",0.557262522522523,2012-10-07
"Mayotte",0.623961867825008,2012-10-07
"Moheli",0.659054666666667,2012-10-07
"Anjouan",0.635815826761128,2012-10-23
"Grande Comore",0.667988888888889,2012-10-23
"Mayotte",0.576663527973097,2012-10-23
"Moheli",0.759340697020798,2012-10-23
"Anjouan",0.631267919732441,2012-11-08
"Grande Comore",0.572076026533633,2012-11-08
"Mayotte",0.569858989280245,2012-11-08
"Moheli",0.666101149755677,2012-11-08
"Anjouan",0.452230566989776,2012-11-24
"Grande Comore",0.600876326754386,2012-11-24
"Mayotte",0.568010004547522,2012-11-24
"Moheli",0.700071330472103,2012-11-24
"Anjouan",0.587640195044808,2012-12-10
"Grande Comore",0.565585072345072,2012-12-10
"Mayotte",0.588244728434505,2012-12-10
"Moheli",0.667000744345835,2012-12-10
"Anjouan",0.654076664066563,2012-12-26
"Grande Comore",0.668356091780674,2012-12-26
"Mayotte",0.590996980065457,2012-12-26
"Moheli",0.742892549986305,2012-12-26
"Anjouan",0.593363158605782,2013-01-09
"Grande Comore",0.724208643463963,2013-01-09
"Mayotte",0.702123469706433,2013-01-09
"Moheli",0.664173320213663,2013-01-09
"Anjouan",0.561839552042161,2013-01-25
"Grande Comore",0.705831835062807,2013-01-25
"Mayotte",0.688586563505439,2013-01-25
"Moheli",0.662529455164586,2013-01-25
"Anjouan",0.648772615587847,2013-02-10
"Grande Comore",0.595975415136735,2013-02-10
"Mayotte",0.710669863861386,2013-02-10
"Moheli",0.709783619476499,2013-02-10
"Anjouan",0.703109051383399,2013-02-26
"Grande Comore",0.657191087110675,2013-02-26
"Mayotte",0.608938938737624,2013-02-26
"Moheli",0.762642057913972,2013-02-26
"Anjouan",0.686848122189897,2013-03-14
"Grande Comore",0.680486762360447,2013-03-14
"Mayotte",0.742127354678272,2013-03-14
"Moheli",0.726039211203201,2013-03-14
"Anjouan",0.698380336403684,2013-03-30
"Grande Comore",0.769447256463401,2013-03-30
"Mayotte",0.765270595552791,2013-03-30
"Moheli",0.826644690516752,2013-03-30
"Anjouan",0.824888938401048,2013-04-15
"Grande Comore",0.740265269230769,2013-04-15
"Mayotte",0.787575754775108,2013-04-15
"Moheli",0.785967760180995,2013-04-15
"Anjouan",0.654571989977581,2013-05-01
"Grande Comore",0.76734416362547,2013-05-01
"Mayotte",0.813288079470199,2013-05-01
"Moheli",0.747053329586963,2013-05-01
"Anjouan",0.727509628445865,2013-05-17
"Grande Comore",0.764543454614673,2013-05-17
"Mayotte",0.786691960966543,2013-05-17
"Moheli",0.765426506364922,2013-05-17
"Anjouan",0.80461771601686,2013-06-02
"Grande Comore",0.767633674190917,2013-06-02
"Mayotte",0.819010927303081,2013-06-02
"Moheli",0.855581120044358,2013-06-02
"Anjouan",0.75308993593166,2013-06-18
"Grande Comore",0.72649118949959,2013-06-18
"Mayotte",0.791859896546478,2013-06-18
"Moheli",0.746861341671404,2013-06-18
"Anjouan",0.721695976253298,2013-07-04
"Grande Comore",0.707806080605897,2013-07-04
"Mayotte",0.777689522789844,2013-07-04
"Moheli",0.796845732052007,2013-07-04
"Anjouan",0.637752599469496,2013-07-20
"Grande Comore",0.678789583784956,2013-07-20
"Mayotte",0.726988168755732,2013-07-20
"Moheli",0.64236350737798,2013-07-20
"Anjouan",0.660259654714475,2013-08-05
"Grande Comore",0.640467973642651,2013-08-05
"Mayotte",0.722703587927317,2013-08-05
"Moheli",0.766855968244967,2013-08-05
"Anjouan",0.665733156146179,2013-08-21
"Grande Comore",0.662268383475038,2013-08-21
"Mayotte",0.635632472493888,2013-08-21
"Moheli",0.755468989644556,2013-08-21
"Anjouan",0.582651461528379,2013-09-06
"Grande Comore",0.616031916643817,2013-09-06
"Mayotte",0.668330420370649,2013-09-06
"Moheli",0.719451197104677,2013-09-06
"Anjouan",0.557401537248719,2013-09-22
"Grande Comore",0.589301069199457,2013-09-22
"Mayotte",0.590095732725892,2013-09-22
"Moheli",0.681151040494938,2013-09-22
"Anjouan",0.541835640413683,2013-10-08
"Grande Comore",0.577743561914159,2013-10-08
"Mayotte",0.576456295493263,2013-10-08
"Moheli",0.56430575,2013-10-08
"Anjouan",0.590912417524413,2013-10-24
"Grande Comore",0.586559416575791,2013-10-24
"Mayotte",0.602654895960832,2013-10-24
"Moheli",0.679416486023959,2013-10-24
"Anjouan",0.42709892415277,2013-11-09
"Grande Comore",0.680821392134277,2013-11-09
"Mayotte",0.59569066045066,2013-11-09
"Moheli",0.810682861230329,2013-11-09
"Anjouan",0.53414807486631,2013-11-25
"Grande Comore",0.606011901900808,2013-11-25
"Mayotte",0.598367153284671,2013-11-25
"Moheli",0.610374404761905,2013-11-25
"Anjouan",0.62350216582514,2013-12-11
"Grande Comore",0.586998284677552,2013-12-11
"Mayotte",0.674159563681057,2013-12-11
"Moheli",0.726264176570458,2013-12-11
"Anjouan",0.665136742424242,2013-12-27
"Grande Comore",0.704459219018933,2013-12-27
"Mayotte",0.734604146011717,2013-12-27
"Moheli",0.73568279211768,2013-12-27
"Anjouan",0.702504390435123,2014-01-09
"Grande Comore",0.680484556005694,2014-01-09
"Mayotte",0.682336781430129,2014-01-09
"Moheli",0.736643853727145,2014-01-09
"Anjouan",0.66784058142594,2014-01-25
"Grande Comore",0.706832073616952,2014-01-25
"Mayotte",0.69298184596577,2014-01-25
"Moheli",0.750645181893918,2014-01-25
"Anjouan",0.303165569218564,2014-02-10
"Grande Comore",0.635533422401571,2014-02-10
"Mayotte",0.444347236180904,2014-02-10
"Moheli",0.295772217573222,2014-02-10
"Anjouan",0.737892181124128,2014-02-26
"Grande Comore",0.665069941189283,2014-02-26
"Mayotte",0.754831956995949,2014-02-26
"Moheli",0.827512808295964,2014-02-26
"Anjouan",0.702895557630736,2014-03-14
"Grande Comore",0.754312976386601,2014-03-14
"Mayotte",0.718719506134493,2014-03-14
"Moheli",0.721091475315729,2014-03-14
"Anjouan",0.718256553202895,2014-03-30
"Grande Comore",0.669912912648112,2014-03-30
"Mayotte",0.719246170678337,2014-03-30
"Moheli",0.662146739434649,2014-03-30
"Anjouan",0.690180163407447,2014-04-15
"Grande Comore",0.778643573736378,2014-04-15
"Mayotte",0.80310679343659,2014-04-15
"Moheli",0.791369165487977,2014-04-15
"Anjouan",0.759176627021248,2014-05-01
"Grande Comore",0.763602204638472,2014-05-01
"Mayotte",0.776402698092728,2014-05-01
"Moheli",0.754878679191574,2014-05-01
"Anjouan",0.691014554495364,2014-05-17
"Grande Comore",0.7453271076806,2014-05-17
"Mayotte",0.80993547597184,2014-05-17
"Moheli",0.800197122507122,2014-05-17
"Anjouan",0.791497986666667,2014-06-02
"Grande Comore",0.751283833116037,2014-06-02
"Mayotte",0.798287198030466,2014-06-02
"Moheli",0.840672359988855,2014-06-02
"Anjouan",0.688378549567532,2014-06-18
"Grande Comore",0.693883336046448,2014-06-18
"Mayotte",0.751810532724505,2014-06-18
"Moheli",0.750168287827076,2014-06-18
"Anjouan",0.714030049392605,2014-07-04
"Grande Comore",0.715595027384632,2014-07-04
"Mayotte",0.748855829253366,2014-07-04
"Moheli",0.841675564971751,2014-07-04
"Anjouan",0.696171872122089,2014-07-20
"Grande Comore",0.70390895019823,2014-07-20
"Mayotte",0.727054125766871,2014-07-20
"Moheli",0.730527066405156,2014-07-20
"Anjouan",0.706840386409061,2014-08-05
"Grande Comore",0.660480781190333,2014-08-05
"Mayotte",0.711796494719118,2014-08-05
"Moheli",0.802157038698822,2014-08-05
"Anjouan",0.726738828176432,2014-08-21
"Grande Comore",0.671914097203367,2014-08-21
"Mayotte",0.708844979554748,2014-08-21
"Moheli",0.777473699015471,2014-08-21
"Anjouan",0.687448385367815,2014-09-06
"Grande Comore",0.662078544603494,2014-09-06
"Mayotte",0.623950888305268,2014-09-06
"Moheli",0.675452211890674,2014-09-06
"Anjouan",0.562517859496507,2014-09-22
"Grande Comore",0.604056367924528,2014-09-22
"Mayotte",0.627768838438812,2014-09-22
"Moheli",0.634418277132332,2014-09-22
"Anjouan",0.481244919153411,2014-10-08
"Grande Comore",0.573760579221908,2014-10-08
"Mayotte",0.614373457364341,2014-10-08
"Moheli",0.661962586733278,2014-10-08
"Anjouan",0.602323373848003,2014-10-24
"Grande Comore",0.614150514054468,2014-10-24
"Mayotte",0.609526289365587,2014-10-24
"Moheli",0.659981260744986,2014-10-24
"Anjouan",0.414822703203601,2014-11-09
"Grande Comore",0.522725290872344,2014-11-09
"Mayotte",0.480519420914831,2014-11-09
"Moheli",0.55523335200224,2014-11-09
"Anjouan",0.555931201165409,2014-11-25
"Grande Comore",0.59412757230786,2014-11-25
"Mayotte",0.618006423584174,2014-11-25
"Moheli",0.674693646331178,2014-11-25
"Anjouan",0.634729059150457,2014-12-11
"Grande Comore",0.641577103643592,2014-12-11
"Mayotte",0.68755785559343,2014-12-11
"Moheli",0.753321027241771,2014-12-11
"Anjouan",0.465726152239196,2014-12-27
"Grande Comore",0.498441406292159,2014-12-27
"Mayotte",0.553628341360626,2014-12-27
"Moheli",0.614822686980609,2014-12-27
"Anjouan",0.345571909359078,2015-01-09
"Grande Comore",0.425120718216991,2015-01-09
"Mayotte",0.445868374338212,2015-01-09
"Moheli",0.466810190903987,2015-01-09
"Anjouan",0.557786115155526,2015-01-25
"Grande Comore",0.413675215965008,2015-01-25
"Mayotte",0.566068261538462,2015-01-25
"Moheli",0.585756555555556,2015-01-25
"Anjouan",0.626735303578609,2015-02-10
"Grande Comore",0.686475057195773,2015-02-10
"Mayotte",0.726658556478917,2015-02-10
"Moheli",0.710407969370391,2015-02-10
"Anjouan",0.493387504942665,2015-02-26
"Grande Comore",0.496216952412353,2015-02-26
"Mayotte",0.702049791827294,2015-02-26
"Moheli",0.635732525951557,2015-02-26
"Anjouan",0.64682243003413,2015-03-14
"Grande Comore",0.68087248738205,2015-03-14
"Mayotte",0.727889684311224,2015-03-14
"Moheli",0.739040719750638,2015-03-14
"Anjouan",0.731679608372721,2015-03-30
"Grande Comore",0.740542973793103,2015-03-30
"Mayotte",0.736867485325919,2015-03-30
"Moheli",0.819188349788434,2015-03-30
"Anjouan",0.630769663820704,2015-04-15
"Grande Comore",0.704834442986772,2015-04-15
"Mayotte",0.770211423659947,2015-04-15
"Moheli",0.676577459133926,2015-04-15
"Anjouan",0.780008326766483,2015-05-01
"Grande Comore",0.744950379263302,2015-05-01
"Mayotte",0.734609738863287,2015-05-01
"Moheli",0.725438031383738,2015-05-01
"Anjouan",0.597945124207188,2015-05-17
"Grande Comore",0.726915814414812,2015-05-17
"Mayotte",0.789006512932378,2015-05-17
"Moheli",0.690857061340941,2015-05-17
"Anjouan",0.761447382443053,2015-06-02
"Grande Comore",0.735805772477264,2015-06-02
"Mayotte",0.777554415644886,2015-06-02
"Moheli",0.690647173544375,2015-06-02
"Anjouan",0.799411449873519,2015-06-18
"Grande Comore",0.720084840017532,2015-06-18
"Mayotte",0.795412053162237,2015-06-18
"Moheli",0.762275613839286,2015-06-18
"Anjouan",0.645035708588141,2015-07-04
"Grande Comore",0.712717685636856,2015-07-04
"Mayotte",0.787240782035176,2015-07-04
"Moheli",0.75291512935883,2015-07-04
"Anjouan",0.750304704016913,2015-07-20
"Grande Comore",0.708981805900789,2015-07-20
"Mayotte",0.779231672975019,2015-07-20
"Moheli",0.801008950086059,2015-07-20
"Anjouan",0.669494419852448,2015-08-05
"Grande Comore",0.668805972343206,2015-08-05
"Mayotte",0.749359772587585,2015-08-05
"Moheli",0.794459347764971,2015-08-05
"Anjouan",0.634036657754011,2015-08-21
"Grande Comore",0.651246522546129,2015-08-21
"Mayotte",0.758219889332923,2015-08-21
"Moheli",0.59579917707151,2015-08-21
"Anjouan",0.699042843903085,2015-09-06
"Grande Comore",0.625757850559579,2015-09-06
"Mayotte",0.71431169764173,2015-09-06
"Moheli",0.757672657362575,2015-09-06
"Anjouan",0.558914827724896,2015-09-22
"Grande Comore",0.602381655603708,2015-09-22
"Mayotte",0.656278925492611,2015-09-22
"Moheli",0.622459845890411,2015-09-22
"Anjouan",0.534322382528127,2015-10-08
"Grande Comore",0.544493714348398,2015-10-08
"Mayotte",0.624659795232274,2015-10-08
"Moheli",0.585220325435341,2015-10-08
"Anjouan",0.567106588016967,2015-10-24
"Grande Comore",0.536571104552659,2015-10-24
"Mayotte",0.567900833464381,2015-10-24
"Moheli",0.606675812482025,2015-10-24
"Anjouan",0.525512583578497,2015-11-09
"Grande Comore",0.546457541073384,2015-11-09
"Mayotte",0.564092600619195,2015-11-09
"Moheli",0.605901093662367,2015-11-09
"Anjouan",0.603267451617269,2015-11-25
"Grande Comore",0.652900647407649,2015-11-25
"Mayotte",0.553814653434641,2015-11-25
"Moheli",0.738022509225092,2015-11-25
"Anjouan",0.549801291611185,2015-12-11
"Grande Comore",0.490790583657588,2015-12-11
"Mayotte",0.622025800030623,2015-12-11
"Moheli",0.601794505494505,2015-12-11
"Anjouan",0.649479043398931,2015-12-27
"Grande Comore",0.679118788534343,2015-12-27
"Mayotte",0.726116407781632,2015-12-27
"Moheli",0.716430322401334,2015-12-27
"Anjouan",0.675920733165095,2016-01-09
"Grande Comore",0.679351943404536,2016-01-09
"Mayotte",0.691550087343179,2016-01-09
"Moheli",0.723695218894009,2016-01-09
"Anjouan",0.442963306772908,2016-01-25
"Grande Comore",0.340840654509932,2016-01-25
"Mayotte",0.489171454545455,2016-01-25
"Moheli",0.452251732673267,2016-01-25
"Anjouan",0.533385566325853,2016-02-10
"Grande Comore",0.537247236856855,2016-02-10
"Mayotte",0.707744149670296,2016-02-10
"Moheli",0.60287473196175,2016-02-10
"Anjouan",0.369864021995287,2016-02-26
"Grande Comore",0.491300127163156,2016-02-26
"Mayotte",0.496657233287016,2016-02-26
"Moheli",0.404962247255921,2016-02-26
"Anjouan",0.624149779441251,2016-03-13
"Grande Comore",0.690823852306344,2016-03-13
"Mayotte",0.738364332118523,2016-03-13
"Moheli",0.686902949517867,2016-03-13
"Anjouan",0.639784864272004,2016-03-29
"Grande Comore",0.58091314951115,2016-03-29
"Mayotte",0.717087843568399,2016-03-29
"Moheli",0.560992843164663,2016-03-29
"Anjouan",0.694158226152197,2016-04-14
"Grande Comore",0.782590631555703,2016-04-14
"Mayotte",0.792098652460044,2016-04-14
"Moheli",0.748219691876751,2016-04-14
"Anjouan",0.716704308845176,2016-04-30
"Grande Comore",0.789195971563981,2016-04-30
"Mayotte",0.788280350768276,2016-04-30
"Moheli",0.708269166426305,2016-04-30
"Anjouan",0.779162486645299,2016-05-16
"Grande Comore",0.766366099541512,2016-05-16
"Mayotte",0.809450390326037,2016-05-16
"Moheli",0.809987975951904,2016-05-16
"Anjouan",0.748819420558275,2016-06-01
"Grande Comore",0.763230247414867,2016-06-01
"Mayotte",0.773159282442748,2016-06-01
"Moheli",0.84451183908046,2016-06-01
"Anjouan",0.75604852742502,2016-06-17
"Grande Comore",0.706231145197647,2016-06-17
"Mayotte",0.6931097855018,2016-06-17
"Moheli",0.678622745320476,2016-06-17
"Anjouan",0.753020055784301,2016-07-03
"Grande Comore",0.75419540996044,2016-07-03
"Mayotte",0.780368988695387,2016-07-03
"Moheli",0.766061915367483,2016-07-03
"Anjouan",0.763420697339101,2016-07-19
"Grande Comore",0.722007575180815,2016-07-19
"Mayotte",0.746115086076714,2016-07-19
"Moheli",0.721408940774487,2016-07-19
"Anjouan",0.689327251027715,2016-08-04
"Grande Comore",0.711617001848027,2016-08-04
"Mayotte",0.692248535306815,2016-08-04
"Moheli",0.746402987197724,2016-08-04
"Anjouan",0.671811591120564,2016-08-20
"Grande Comore",0.698251498086386,2016-08-20
"Mayotte",0.627725407166124,2016-08-20
"Moheli",0.683710908068597,2016-08-20
"Anjouan",0.666815051190001,2016-09-05
"Grande Comore",0.666694771562534,2016-09-05
"Mayotte",0.611998937644342,2016-09-05
"Moheli",0.738579606188467,2016-09-05
"Anjouan",0.590785033557047,2016-09-21
"Grande Comore",0.627730329802996,2016-09-21
"Mayotte",0.620645514189808,2016-09-21
"Moheli",0.658320575783235,2016-09-21
"Anjouan",0.681701287271772,2016-10-07
"Grande Comore",0.648918613298338,2016-10-07
"Mayotte",0.622143774377438,2016-10-07
"Moheli",0.775932728794643,2016-10-07
"Anjouan",0.540971917443409,2016-10-23
"Grande Comore",0.52006233481384,2016-10-23
"Mayotte",0.493004513727315,2016-10-23
"Moheli",0.631128918764302,2016-10-23
"Anjouan",0.609863051204423,2016-11-08
"Grande Comore",0.61962444263629,2016-11-08
"Mayotte",0.531888290046539,2016-11-08
"Moheli",0.65822817526345,2016-11-08
"Anjouan",0.602785024539064,2016-11-24
"Grande Comore",0.551769963229241,2016-11-24
"Mayotte",0.552582240351428,2016-11-24
"Moheli",0.706498158482143,2016-11-24
"Anjouan",0.507105516061085,2016-12-10
"Grande Comore",0.561120707377729,2016-12-10
"Mayotte",0.624414322876817,2016-12-10
"Moheli",0.716691185495118,2016-12-10
"Anjouan",0.581614953519256,2016-12-26
"Grande Comore",0.625094160101372,2016-12-26
"Mayotte",0.621821952717224,2016-12-26
"Moheli",0.662896183423526,2016-12-26
"Anjouan",0.583255394546173,2017-01-09
"Grande Comore",0.598002451704701,2017-01-09
"Mayotte",0.672341904761905,2017-01-09
"Moheli",0.69110242881072,2017-01-09
"Anjouan",0.651919296854348,2017-01-25
"Grande Comore",0.630181288038066,2017-01-25
"Mayotte",0.707052642119858,2017-01-25
"Moheli",0.732725716743119,2017-01-25
"Anjouan",0.617096232508073,2017-02-10
"Grande Comore",0.668253014011079,2017-02-10
"Mayotte",0.553427542963307,2017-02-10
"Moheli",0.594799277577105,2017-02-10
"Anjouan",0.579118103562442,2017-02-26
"Grande Comore",0.72840234504934,2017-02-26
"Mayotte",0.744466949152542,2017-02-26
"Moheli",0.783384365368451,2017-02-26
"Anjouan",0.510592169241101,2017-03-14
"Grande Comore",0.621770185480764,2017-03-14
"Mayotte",0.58241878528918,2017-03-14
"Moheli",0.556241442199775,2017-03-14
"Anjouan",0.65826602020202,2017-03-30
"Grande Comore",0.702432563176895,2017-03-30
"Mayotte",0.665208651879818,2017-03-30
"Moheli",0.740561678004535,2017-03-30
"Anjouan",0.769401398416886,2017-04-15
"Grande Comore",0.68584682869985,2017-04-15
"Mayotte",0.741959100015411,2017-04-15
"Moheli",0.74328416690483,2017-04-15
"Anjouan",0.727657037632249,2017-05-01
"Grande Comore",0.75337957495755,2017-05-01
"Mayotte",0.810129644023006,2017-05-01
"Moheli",0.680852987822147,2017-05-01
"Anjouan",0.667384877457581,2017-05-17
"Grande Comore",0.723819943882042,2017-05-17
"Mayotte",0.785658339883666,2017-05-17
"Moheli",0.728906110793832,2017-05-17
"Anjouan",0.768680127439267,2017-06-02
"Grande Comore",0.771430593681917,2017-06-02
"Mayotte",0.824570573944731,2017-06-02
"Moheli",0.757067342913497,2017-06-02
"Anjouan",0.69699828042328,2017-06-18
"Grande Comore",0.69053124692774,2017-06-18
"Mayotte",0.73318700953572,2017-06-18
"Moheli",0.622292309907834,2017-06-18
"Anjouan",0.777250860015877,2017-07-04
"Grande Comore",0.739466572145272,2017-07-04
"Mayotte",0.777954225680934,2017-07-04
"Moheli",0.776844569939183,2017-07-04
"Anjouan",0.672146102008457,2017-07-20
"Grande Comore",0.727646004448543,2017-07-20
"Mayotte",0.761050598031794,2017-07-20
"Moheli",0.847550154885948,2017-07-20
"Anjouan",0.736822960126749,2017-08-05
"Grande Comore",0.709765711635014,2017-08-05
"Mayotte",0.717484899074215,2017-08-05
"Moheli",0.765842248817144,2017-08-05
"Anjouan",0.653209266409266,2017-08-21
"Grande Comore",0.69684940101745,2017-08-21
"Mayotte",0.658738696726374,2017-08-21
"Moheli",0.791608659450458,2017-08-21
"Anjouan",0.640666478392224,2017-09-06
"Grande Comore",0.683821193705914,2017-09-06
"Mayotte",0.652428752675023,2017-09-06
"Moheli",0.746359623609923,2017-09-06
"Anjouan",0.610240321295805,2017-09-22
"Grande Comore",0.611667108420593,2017-09-22
"Mayotte",0.557979498930645,2017-09-22
"Moheli",0.696597989388439,2017-09-22
"Anjouan",0.558304670077397,2017-10-08
"Grande Comore",0.614690328872515,2017-10-08
"Mayotte",0.612753164750958,2017-10-08
"Moheli",0.679178587319244,2017-10-08
"Anjouan",0.625824759266588,2017-10-24
"Grande Comore",0.62849818011876,2017-10-24
"Mayotte",0.654090914588057,2017-10-24
"Moheli",0.720427518838962,2017-10-24
"Anjouan",0.66133872452334,2017-11-09
"Grande Comore",0.534309868242694,2017-11-09
"Mayotte",0.593615079969535,2017-11-09
"Moheli",0.709181167555431,2017-11-09
"Anjouan",0.565531744975376,2017-11-25
"Grande Comore",0.610833184734152,2017-11-25
"Mayotte",0.649440116190185,2017-11-25
"Moheli",0.690749439147504,2017-11-25
"Anjouan",0.624909928797468,2017-12-11
"Grande Comore",0.506456881738084,2017-12-11
"Mayotte",0.602756873964764,2017-12-11
"Moheli",0.789574652198108,2017-12-11
"Anjouan",0.692737227827934,2017-12-27
"Grande Comore",0.657483962315526,2017-12-27
"Mayotte",0.68020289008455,2017-12-27
"Moheli",0.687866657263752,2017-12-27
"Anjouan",0.426742219889793,2018-01-09
"Grande Comore",0.453028647917793,2018-01-09
"Mayotte",0.396389020861885,2018-01-09
"Moheli",0.673902004517222,2018-01-09
"Anjouan",0.619740023863184,2018-01-25
"Grande Comore",0.687792731925087,2018-01-25
"Mayotte",0.676977129770992,2018-01-25
"Moheli",0.7106784107092,2018-01-25
"Anjouan",0.684868648219251,2018-02-10
"Grande Comore",0.652318088867134,2018-02-10
"Mayotte",0.72286273006135,2018-02-10
"Moheli",0.678833532423208,2018-02-10
"Anjouan",0.577173119978928,2018-02-26
"Grande Comore",0.631292929347826,2018-02-26
"Mayotte",0.627773265677068,2018-02-26
"Moheli",0.550318694933921,2018-02-26
"Anjouan",0.500399016872592,2018-03-14
"Grande Comore",0.697504623931159,2018-03-14
"Mayotte",0.684161420227482,2018-03-14
"Moheli",0.615610213843557,2018-03-14
"Anjouan",0.66238427589852,2018-03-30
"Grande Comore",0.657458061889251,2018-03-30
"Mayotte",0.728148108190245,2018-03-30
"Moheli",0.773238705156951,2018-03-30
"Anjouan",0.764719015659955,2018-04-15
"Grande Comore",0.698233482703973,2018-04-15
"Mayotte",0.7855897652294,2018-04-15
"Moheli",0.743617327008928,2018-04-15
"Anjouan",0.744952852215442,2018-05-01
"Grande Comore",0.80263916327085,2018-05-01
"Mayotte",0.790297693726937,2018-05-01
"Moheli",0.839662023908813,2018-05-01
"Anjouan",0.727744719428269,2018-05-17
"Grande Comore",0.737397574667539,2018-05-17
"Mayotte",0.734229142770903,2018-05-17
"Moheli",0.798881227234519,2018-05-17
"Anjouan",0.75572159525379,2018-06-02
"Grande Comore",0.751599924082208,2018-06-02
"Mayotte",0.815466224552745,2018-06-02
"Moheli",0.835357480748075,2018-06-02
"Anjouan",0.598885407388001,2018-06-18
"Grande Comore",0.725364770133681,2018-06-18
"Mayotte",0.786206147355733,2018-06-18
"Moheli",0.661289520874194,2018-06-18
"Anjouan",0.6820608522501,2018-07-04
"Grande Comore",0.682374822136534,2018-07-04
"Mayotte",0.767481930091185,2018-07-04
"Moheli",0.725146329891153,2018-07-04
"Anjouan",0.694380356435644,2018-07-20
"Grande Comore",0.641259953084938,2018-07-20
"Mayotte",0.766671730971326,2018-07-20
"Moheli",0.726664623565631,2018-07-20
"Anjouan",0.676697765436996,2018-08-05
"Grande Comore",0.702652492954693,2018-08-05
"Mayotte",0.625884632922937,2018-08-05
"Moheli",0.714994330183435,2018-08-05
"Anjouan",0.694152708250563,2018-08-21
"Grande Comore",0.694269311450465,2018-08-21
"Mayotte",0.699351860890787,2018-08-21
"Moheli",0.745758218212574,2018-08-21
"Anjouan",0.66617160216616,2018-09-06
"Grande Comore",0.645098399825831,2018-09-06
"Mayotte",0.688065697850439,2018-09-06
"Moheli",0.741723554065381,2018-09-06
"Anjouan",0.685830748031496,2018-09-22
"Grande Comore",0.589171472826087,2018-09-22
"Mayotte",0.598814427860696,2018-09-22
"Moheli",0.781150868203815,2018-09-22
"Anjouan",0.597805589484865,2018-10-08
"Grande Comore",0.608078774175974,2018-10-08
"Mayotte",0.61354328358209,2018-10-08
"Moheli",0.714361078348778,2018-10-08
"Anjouan",0.668283011583012,2018-10-24
"Grande Comore",0.693610028325526,2018-10-24
"Mayotte",0.635714945527083,2018-10-24
"Moheli",0.740797600661886,2018-10-24
"Anjouan",0.607741466010376,2018-11-09
"Grande Comore",0.635726897448399,2018-11-09
"Mayotte",0.538439894339623,2018-11-09
"Moheli",0.685576844783715,2018-11-09
"Anjouan",0.617383778126635,2018-11-25
"Grande Comore",0.54992724143583,2018-11-25
"Mayotte",0.563758141309324,2018-11-25
"Moheli",0.647078196948682,2018-11-25
"Anjouan",0.584422464430231,2018-12-11
"Grande Comore",0.550150743353228,2018-12-11
"Mayotte",0.603555956733699,2018-12-11
"Moheli",0.666153772791024,2018-12-11
"Anjouan",0.645656284367635,2018-12-27
"Grande Comore",0.636646974248927,2018-12-27
"Mayotte",0.680578757246915,2018-12-27
"Moheli",0.694587489734465,2018-12-27
"Anjouan",0.601491070256074,2019-01-09
"Grande Comore",0.581734945507781,2019-01-09
"Mayotte",0.600727384943615,2019-01-09
"Moheli",0.597053535353535,2019-01-09
"Anjouan",0.642211496374423,2019-01-25
"Grande Comore",0.725033347790729,2019-01-25
"Mayotte",0.715757322429199,2019-01-25
"Moheli",0.707237103064067,2019-01-25
"Anjouan",0.59941435597501,2019-02-10
"Grande Comore",0.595764360427108,2019-02-10
"Mayotte",0.679266151046406,2019-02-10
"Moheli",0.605900614353533,2019-02-10
"Anjouan",0.645087471687429,2019-02-26
"Grande Comore",0.565066358024691,2019-02-26
"Mayotte",0.720997019297037,2019-02-26
"Moheli",0.51084147386461,2019-02-26
"Anjouan",0.723137804076265,2019-03-14
"Grande Comore",0.74924466804079,2019-03-14
"Mayotte",0.700007483812679,2019-03-14
"Moheli",0.716229473091011,2019-03-14
"Anjouan",0.708649318692949,2019-03-30
"Grande Comore",0.706777982946831,2019-03-30
"Mayotte",0.704394176245211,2019-03-30
"Moheli",0.775454563160824,2019-03-30
"Anjouan",0.655044266631398,2019-04-15
"Grande Comore",0.718832128143972,2019-04-15
"Mayotte",0.709347857361494,2019-04-15
"Moheli",0.825237143655674,2019-04-15
"Anjouan",0.739465069674851,2019-05-01
"Grande Comore",0.676830020636472,2019-05-01
"Mayotte",0.784848285198556,2019-05-01
"Moheli",0.751089062065127,2019-05-01
"Anjouan",0.811189896066307,2019-05-17
"Grande Comore",0.754392980268864,2019-05-17
"Mayotte",0.809074693506887,2019-05-17
"Moheli",0.85435685674548,2019-05-17
"Anjouan",0.724583795505323,2019-06-02
"Grande Comore",0.73726226384453,2019-06-02
"Mayotte",0.816349643993334,2019-06-02
"Moheli",0.68219696969697,2019-06-02
"Anjouan",0.70604019955363,2019-06-18
"Grande Comore",0.678169041634794,2019-06-18
"Mayotte",0.712046961660858,2019-06-18
"Moheli",0.572924560914413,2019-06-18
"Anjouan",0.6797697058044,2019-07-04
"Grande Comore",0.731039102285093,2019-07-04
"Mayotte",0.790346644397206,2019-07-04
"Moheli",0.805471420550253,2019-07-04
"Anjouan",0.771400629095675,2019-07-20
"Grande Comore",0.751542671644214,2019-07-20
"Mayotte",0.774470117217232,2019-07-20
"Moheli",0.838205,2019-07-20
"Anjouan",0.693146502488866,2019-08-05
"Grande Comore",0.698923300602181,2019-08-05
"Mayotte",0.720403541984733,2019-08-05
"Moheli",0.752177793257175,2019-08-05
"Anjouan",0.698062677912493,2019-08-21
"Grande Comore",0.68243758991833,2019-08-21
"Mayotte",0.676469489489489,2019-08-21
"Moheli",0.737749625727752,2019-08-21
"Anjouan",0.603840591715976,2019-09-06
"Grande Comore",0.649218695959541,2019-09-06
"Mayotte",0.600098499464094,2019-09-06
"Moheli",0.702516638702461,2019-09-06
"Anjouan",0.595346171082114,2019-09-22
"Grande Comore",0.622937763415164,2019-09-22
"Mayotte",0.61523149618092,2019-09-22
"Moheli",0.627700976835054,2019-09-22
"Anjouan",0.651872382719321,2019-10-08
"Grande Comore",0.620992299761233,2019-10-08
"Mayotte",0.578904820372897,2019-10-08
"Moheli",0.606396602617655,2019-10-08
"Anjouan",0.610205238158068,2019-10-24
"Grande Comore",0.633690964279907,2019-10-24
"Mayotte",0.608903966817496,2019-10-24
"Moheli",0.72251468298109,2019-10-24
"Anjouan",0.618332196021604,2019-11-09
"Grande Comore",0.577552382240009,2019-11-09
"Mayotte",0.56294047112462,2019-11-09
"Moheli",0.601046432552954,2019-11-09
"Anjouan",0.422846947864815,2019-11-25
"Grande Comore",0.551031627325139,2019-11-25
"Mayotte",0.569209846060052,2019-11-25
"Moheli",0.681297791275538,2019-11-25
"Anjouan",0.526187775125961,2019-12-11
"Grande Comore",0.580599383658776,2019-12-11
"Mayotte",0.620119710365854,2019-12-11
"Moheli",0.660908685581934,2019-12-11
"Anjouan",0.420951172286617,2019-12-27
"Grande Comore",0.493487849707222,2019-12-27
"Mayotte",0.592062230979085,2019-12-27
"Moheli",0.537693021962747,2019-12-27
"Anjouan",0.594922967320261,2020-01-09
"Grande Comore",0.65562861401702,2020-01-09
"Mayotte",0.650449953860351,2020-01-09
"Moheli",0.715184677644432,2020-01-09
"Anjouan",0.656162335092348,2020-01-25
"Grande Comore",0.663591284727886,2020-01-25
"Mayotte",0.639838997591812,2020-01-25
"Moheli",0.67765826793722,2020-01-25
"Anjouan",0.692423343473086,2020-02-10
"Grande Comore",0.673048718087996,2020-02-10
"Mayotte",0.697869551872314,2020-02-10
"Moheli",0.710340280898876,2020-02-10
"Anjouan",0.558090531691985,2020-02-26
"Grande Comore",0.571638107902736,2020-02-26
"Mayotte",0.577436429563339,2020-02-26
"Moheli",0.7497882001706,2020-02-26
"Anjouan",0.671715348038568,2020-03-13
"Grande Comore",0.687519613799089,2020-03-13
"Mayotte",0.725592488976737,2020-03-13
"Moheli",0.764545701484178,2020-03-13
"Anjouan",0.779342076575379,2020-03-29
"Grande Comore",0.756056603876011,2020-03-29
"Mayotte",0.788901486876043,2020-03-29
"Moheli",0.837838633879781,2020-03-29
"Anjouan",0.774075922763694,2020-04-14
"Grande Comore",0.711451428882478,2020-04-14
"Mayotte",0.794869797644216,2020-04-14
"Moheli",0.719016545758928,2020-04-14
"Anjouan",0.800178328499868,2020-04-30
"Grande Comore",0.774413247515073,2020-04-30
"Mayotte",0.738356758419191,2020-04-30
"Moheli",0.777442824794792,2020-04-30
"Anjouan",0.749365205948151,2020-05-16
"Grande Comore",0.75722006181207,2020-05-16
"Mayotte",0.738207370669922,2020-05-16
"Moheli",0.729411616301636,2020-05-16
"Anjouan",0.784137994967554,2020-06-01
"Grande Comore",0.773764266652143,2020-06-01
"Mayotte",0.824845811678386,2020-06-01
"Moheli",0.769601403705783,2020-06-01
"Anjouan",0.743166350960274,2020-06-17
"Grande Comore",0.729168910325501,2020-06-17
"Mayotte",0.791805075757576,2020-06-17
"Moheli",0.730733454953691,2020-06-17
"Anjouan",0.658875546484066,2020-07-03
"Grande Comore",0.731517601050156,2020-07-03
"Mayotte",0.741571979356406,2020-07-03
"Moheli",0.695369893973214,2020-07-03
"Anjouan",0.668946227164416,2020-07-19
"Grande Comore",0.724640740942226,2020-07-19
"Mayotte",0.74561616254201,2020-07-19
"Moheli",0.699251973131822,2020-07-19
